index,filenames,BaselinePrediction,AdvPrediction
1,img_valid_1.jpg,1,0
2,img_valid_2.jpg,0,0
3,img_valid_3.jpg,0,0
4,img_valid_4.jpg,0,0
5,img_valid_5.jpg,0,0
6,img_valid_6.jpg,0,0
7,img_valid_7.jpg,0,0
8,img_valid_8.jpg,1,0
9,img_valid_9.jpg,1,0
10,img_valid_10.jpg,0,0
11,img_valid_11.jpg,0,1
12,img_valid_12.jpg,0,0
13,img_valid_13.jpg,1,1
14,img_valid_14.jpg,1,0
15,img_valid_15.jpg,1,1
16,img_valid_16.jpg,0,0
17,img_valid_17.jpg,1,0
18,img_valid_18.jpg,0,0
19,img_valid_19.jpg,0,0
20,img_valid_20.jpg,0,1
21,img_valid_21.jpg,1,0
22,img_valid_22.jpg,1,0
23,img_valid_23.jpg,0,0
24,img_valid_24.jpg,0,0
25,img_valid_25.jpg,1,0
26,img_valid_26.jpg,1,0
27,img_valid_27.jpg,0,0
28,img_valid_28.jpg,1,0
29,img_valid_29.jpg,1,0
30,img_valid_30.jpg,0,0
31,img_valid_31.jpg,0,0
32,img_valid_32.jpg,1,0
33,img_valid_33.jpg,1,0
34,img_valid_34.jpg,0,0
35,img_valid_35.jpg,1,1
36,img_valid_36.jpg,1,0
37,img_valid_37.jpg,1,1
38,img_valid_38.jpg,1,0
39,img_valid_39.jpg,1,0
40,img_valid_40.jpg,1,0
41,img_valid_41.jpg,0,0
42,img_valid_42.jpg,0,0
43,img_valid_43.jpg,1,1
44,img_valid_44.jpg,0,0
45,img_valid_45.jpg,0,1
46,img_valid_46.jpg,0,0
47,img_valid_47.jpg,0,0
48,img_valid_48.jpg,1,0
49,img_valid_49.jpg,0,1
50,img_valid_50.jpg,0,0
51,img_valid_51.jpg,0,1
52,img_valid_52.jpg,0,0
53,img_valid_53.jpg,1,0
54,img_valid_54.jpg,0,1
55,img_valid_55.jpg,0,0
56,img_valid_56.jpg,0,0
57,img_valid_57.jpg,0,0
58,img_valid_58.jpg,0,0
59,img_valid_59.jpg,1,0
60,img_valid_60.jpg,1,0
61,img_valid_61.jpg,0,1
62,img_valid_62.jpg,0,1
63,img_valid_63.jpg,1,1
64,img_valid_64.jpg,0,1
65,img_valid_65.jpg,1,0
66,img_valid_66.jpg,0,0
67,img_valid_67.jpg,0,0
68,img_valid_68.jpg,0,1
69,img_valid_69.jpg,0,0
70,img_valid_70.jpg,1,0
71,img_valid_71.jpg,1,0
72,img_valid_72.jpg,0,1
73,img_valid_73.jpg,0,0
74,img_valid_74.jpg,1,0
75,img_valid_75.jpg,0,0
76,img_valid_76.jpg,0,0
77,img_valid_77.jpg,0,0
78,img_valid_78.jpg,1,0
79,img_valid_79.jpg,0,0
80,img_valid_80.jpg,0,0
81,img_valid_81.jpg,1,1
82,img_valid_82.jpg,0,0
83,img_valid_83.jpg,0,0
84,img_valid_84.jpg,0,0
85,img_valid_85.jpg,1,0
86,img_valid_86.jpg,0,0
87,img_valid_87.jpg,0,0
88,img_valid_88.jpg,0,0
89,img_valid_89.jpg,0,0
90,img_valid_90.jpg,1,0
91,img_valid_91.jpg,0,0
92,img_valid_92.jpg,1,0
93,img_valid_93.jpg,0,0
94,img_valid_94.jpg,1,0
95,img_valid_95.jpg,0,0
96,img_valid_96.jpg,0,1
97,img_valid_97.jpg,0,0
98,img_valid_98.jpg,0,0
99,img_valid_99.jpg,0,0
100,img_valid_100.jpg,0,0
101,img_valid_101.jpg,0,0
102,img_valid_102.jpg,0,0
103,img_valid_103.jpg,0,0
104,img_valid_104.jpg,1,0
105,img_valid_105.jpg,0,0
106,img_valid_106.jpg,0,1
107,img_valid_107.jpg,0,0
108,img_valid_108.jpg,0,0
109,img_valid_109.jpg,0,0
110,img_valid_110.jpg,0,0
111,img_valid_111.jpg,0,0
112,img_valid_112.jpg,0,0
113,img_valid_113.jpg,0,0
114,img_valid_114.jpg,0,0
115,img_valid_115.jpg,0,0
116,img_valid_116.jpg,0,0
117,img_valid_117.jpg,1,0
118,img_valid_118.jpg,0,0
119,img_valid_119.jpg,1,1
120,img_valid_120.jpg,0,0
121,img_valid_121.jpg,0,0
122,img_valid_122.jpg,0,0
123,img_valid_123.jpg,0,0
124,img_valid_124.jpg,1,0
125,img_valid_125.jpg,1,0
126,img_valid_126.jpg,0,0
127,img_valid_127.jpg,0,1
128,img_valid_128.jpg,0,0
129,img_valid_129.jpg,0,0
130,img_valid_130.jpg,1,0
131,img_valid_131.jpg,0,0
132,img_valid_132.jpg,0,1
133,img_valid_133.jpg,0,0
134,img_valid_134.jpg,0,1
135,img_valid_135.jpg,0,0
136,img_valid_136.jpg,0,0
137,img_valid_137.jpg,1,0
138,img_valid_138.jpg,1,0
139,img_valid_139.jpg,1,0
140,img_valid_140.jpg,1,0
141,img_valid_141.jpg,1,0
142,img_valid_142.jpg,0,0
143,img_valid_143.jpg,0,0
144,img_valid_144.jpg,1,0
145,img_valid_145.jpg,0,0
146,img_valid_146.jpg,0,0
147,img_valid_147.jpg,1,0
148,img_valid_148.jpg,0,0
149,img_valid_149.jpg,1,0
150,img_valid_150.jpg,0,0
151,img_valid_151.jpg,1,0
152,img_valid_152.jpg,1,0
153,img_valid_153.jpg,1,0
154,img_valid_154.jpg,0,0
155,img_valid_155.jpg,0,0
156,img_valid_156.jpg,1,0
157,img_valid_157.jpg,0,1
158,img_valid_158.jpg,0,0
159,img_valid_159.jpg,1,0
160,img_valid_160.jpg,1,0
161,img_valid_161.jpg,1,0
162,img_valid_162.jpg,1,0
163,img_valid_163.jpg,0,0
164,img_valid_164.jpg,0,1
165,img_valid_165.jpg,1,0
166,img_valid_166.jpg,0,0
167,img_valid_167.jpg,1,0
168,img_valid_168.jpg,0,1
169,img_valid_169.jpg,0,1
170,img_valid_170.jpg,0,0
171,img_valid_171.jpg,0,0
172,img_valid_172.jpg,1,1
173,img_valid_173.jpg,1,0
174,img_valid_174.jpg,0,0
175,img_valid_175.jpg,0,0
176,img_valid_176.jpg,1,0
177,img_valid_177.jpg,0,0
178,img_valid_178.jpg,0,0
179,img_valid_179.jpg,1,0
180,img_valid_180.jpg,1,0
181,img_valid_181.jpg,1,0
182,img_valid_182.jpg,0,0
183,img_valid_183.jpg,0,1
184,img_valid_184.jpg,0,0
185,img_valid_185.jpg,0,0
186,img_valid_186.jpg,0,1
187,img_valid_187.jpg,1,0
188,img_valid_188.jpg,1,0
189,img_valid_189.jpg,0,0
190,img_valid_190.jpg,1,1
191,img_valid_191.jpg,1,0
192,img_valid_192.jpg,0,0
193,img_valid_193.jpg,1,0
194,img_valid_194.jpg,1,0
195,img_valid_195.jpg,0,1
196,img_valid_196.jpg,0,0
197,img_valid_197.jpg,0,1
198,img_valid_198.jpg,0,0
199,img_valid_199.jpg,0,0
200,img_valid_200.jpg,1,0
201,img_valid_201.jpg,0,0
202,img_valid_202.jpg,1,0
203,img_valid_203.jpg,1,0
204,img_valid_204.jpg,1,0
205,img_valid_205.jpg,0,0
206,img_valid_206.jpg,0,1
207,img_valid_207.jpg,1,0
208,img_valid_208.jpg,0,0
209,img_valid_209.jpg,0,0
210,img_valid_210.jpg,1,1
211,img_valid_211.jpg,1,0
212,img_valid_212.jpg,0,1
213,img_valid_213.jpg,1,0
214,img_valid_214.jpg,0,0
215,img_valid_215.jpg,1,0
216,img_valid_216.jpg,1,1
217,img_valid_217.jpg,1,1
218,img_valid_218.jpg,0,0
219,img_valid_219.jpg,1,0
220,img_valid_220.jpg,0,1
221,img_valid_221.jpg,1,0
222,img_valid_222.jpg,1,0
223,img_valid_223.jpg,0,0
224,img_valid_224.jpg,1,0
225,img_valid_225.jpg,1,1
226,img_valid_226.jpg,0,0
227,img_valid_227.jpg,1,1
228,img_valid_228.jpg,0,0
229,img_valid_229.jpg,1,1
230,img_valid_230.jpg,1,0
231,img_valid_231.jpg,1,0
232,img_valid_232.jpg,1,0
233,img_valid_233.jpg,0,0
234,img_valid_234.jpg,1,1
235,img_valid_235.jpg,0,0
236,img_valid_236.jpg,0,0
237,img_valid_237.jpg,0,1
238,img_valid_238.jpg,0,0
239,img_valid_239.jpg,0,0
240,img_valid_240.jpg,0,0
241,img_valid_241.jpg,1,0
242,img_valid_242.jpg,0,0
243,img_valid_243.jpg,0,0
244,img_valid_244.jpg,0,1
245,img_valid_245.jpg,0,0
246,img_valid_246.jpg,1,1
247,img_valid_247.jpg,0,0
248,img_valid_248.jpg,1,0
249,img_valid_249.jpg,1,0
250,img_valid_250.jpg,1,1
251,img_valid_251.jpg,1,0
252,img_valid_252.jpg,0,0
253,img_valid_253.jpg,0,1
254,img_valid_254.jpg,1,0
255,img_valid_255.jpg,0,0
256,img_valid_256.jpg,0,0
257,img_valid_257.jpg,0,0
258,img_valid_258.jpg,0,0
259,img_valid_259.jpg,0,0
260,img_valid_260.jpg,0,1
261,img_valid_261.jpg,0,1
262,img_valid_262.jpg,0,0
263,img_valid_263.jpg,0,1
264,img_valid_264.jpg,0,0
265,img_valid_265.jpg,0,1
266,img_valid_266.jpg,1,1
267,img_valid_267.jpg,0,0
268,img_valid_268.jpg,0,1
269,img_valid_269.jpg,0,0
270,img_valid_270.jpg,0,1
271,img_valid_271.jpg,1,0
272,img_valid_272.jpg,0,0
273,img_valid_273.jpg,1,1
274,img_valid_274.jpg,0,0
275,img_valid_275.jpg,0,0
276,img_valid_276.jpg,1,0
277,img_valid_277.jpg,0,0
278,img_valid_278.jpg,0,0
279,img_valid_279.jpg,0,0
280,img_valid_280.jpg,1,0
281,img_valid_281.jpg,1,0
282,img_valid_282.jpg,1,0
283,img_valid_283.jpg,1,0
284,img_valid_284.jpg,0,0
285,img_valid_285.jpg,0,0
286,img_valid_286.jpg,0,0
287,img_valid_287.jpg,0,1
288,img_valid_288.jpg,1,0
289,img_valid_289.jpg,0,0
290,img_valid_290.jpg,1,0
291,img_valid_291.jpg,1,0
292,img_valid_292.jpg,1,0
293,img_valid_293.jpg,0,0
294,img_valid_294.jpg,0,1
295,img_valid_295.jpg,0,0
296,img_valid_296.jpg,1,1
297,img_valid_297.jpg,1,0
298,img_valid_298.jpg,0,0
299,img_valid_299.jpg,0,0
300,img_valid_300.jpg,0,0
301,img_valid_301.jpg,0,0
302,img_valid_302.jpg,0,0
303,img_valid_303.jpg,0,1
304,img_valid_304.jpg,1,0
305,img_valid_305.jpg,0,0
306,img_valid_306.jpg,0,0
307,img_valid_307.jpg,0,0
308,img_valid_308.jpg,0,0
309,img_valid_309.jpg,1,0
310,img_valid_310.jpg,0,1
311,img_valid_311.jpg,1,1
312,img_valid_312.jpg,1,0
313,img_valid_313.jpg,0,1
314,img_valid_314.jpg,0,1
315,img_valid_315.jpg,1,0
316,img_valid_316.jpg,0,1
317,img_valid_317.jpg,0,1
318,img_valid_318.jpg,1,1
319,img_valid_319.jpg,1,1
320,img_valid_320.jpg,0,0
321,img_valid_321.jpg,0,1
322,img_valid_322.jpg,0,1
323,img_valid_323.jpg,1,0
324,img_valid_324.jpg,1,0
325,img_valid_325.jpg,1,0
326,img_valid_326.jpg,0,0
327,img_valid_327.jpg,0,0
328,img_valid_328.jpg,1,0
329,img_valid_329.jpg,0,0
330,img_valid_330.jpg,1,0
331,img_valid_331.jpg,0,0
332,img_valid_332.jpg,0,0
333,img_valid_333.jpg,1,0
334,img_valid_334.jpg,0,1
335,img_valid_335.jpg,1,0
336,img_valid_336.jpg,1,0
337,img_valid_337.jpg,1,1
338,img_valid_338.jpg,1,1
339,img_valid_339.jpg,1,0
340,img_valid_340.jpg,0,0
341,img_valid_341.jpg,0,0
342,img_valid_342.jpg,0,1
343,img_valid_343.jpg,1,0
344,img_valid_344.jpg,0,0
345,img_valid_345.jpg,1,0
346,img_valid_346.jpg,0,0
347,img_valid_347.jpg,1,0
348,img_valid_348.jpg,0,0
349,img_valid_349.jpg,0,1
350,img_valid_350.jpg,1,0
351,img_valid_351.jpg,0,0
352,img_valid_352.jpg,1,1
353,img_valid_353.jpg,0,0
354,img_valid_354.jpg,1,0
355,img_valid_355.jpg,1,1
356,img_valid_356.jpg,0,0
357,img_valid_357.jpg,1,0
358,img_valid_358.jpg,0,0
359,img_valid_359.jpg,0,0
360,img_valid_360.jpg,1,1
361,img_valid_361.jpg,1,1
362,img_valid_362.jpg,0,0
363,img_valid_363.jpg,0,0
364,img_valid_364.jpg,1,0
365,img_valid_365.jpg,1,0
366,img_valid_366.jpg,0,0
367,img_valid_367.jpg,0,0
368,img_valid_368.jpg,0,1
369,img_valid_369.jpg,0,0
370,img_valid_370.jpg,1,1
371,img_valid_371.jpg,0,0
372,img_valid_372.jpg,1,0
373,img_valid_373.jpg,0,0
374,img_valid_374.jpg,0,0
375,img_valid_375.jpg,1,0
376,img_valid_376.jpg,0,0
377,img_valid_377.jpg,0,0
378,img_valid_378.jpg,1,0
379,img_valid_379.jpg,0,1
380,img_valid_380.jpg,0,0
381,img_valid_381.jpg,1,0
382,img_valid_382.jpg,1,0
383,img_valid_383.jpg,0,1
384,img_valid_384.jpg,0,0
385,img_valid_385.jpg,1,0
386,img_valid_386.jpg,0,0
387,img_valid_387.jpg,0,1
388,img_valid_388.jpg,0,0
389,img_valid_389.jpg,0,0
390,img_valid_390.jpg,1,0
391,img_valid_391.jpg,1,0
392,img_valid_392.jpg,0,0
393,img_valid_393.jpg,1,0
394,img_valid_394.jpg,0,0
395,img_valid_395.jpg,0,0
396,img_valid_396.jpg,0,0
397,img_valid_397.jpg,0,0
398,img_valid_398.jpg,1,0
399,img_valid_399.jpg,1,0
400,img_valid_400.jpg,1,0
401,img_valid_401.jpg,0,0
402,img_valid_402.jpg,0,1
403,img_valid_403.jpg,1,0
404,img_valid_404.jpg,1,0
405,img_valid_405.jpg,0,1
406,img_valid_406.jpg,0,0
407,img_valid_407.jpg,1,0
408,img_valid_408.jpg,1,0
409,img_valid_409.jpg,1,1
410,img_valid_410.jpg,1,0
411,img_valid_411.jpg,1,0
412,img_valid_412.jpg,0,0
413,img_valid_413.jpg,0,0
414,img_valid_414.jpg,0,0
415,img_valid_415.jpg,0,0
416,img_valid_416.jpg,1,1
417,img_valid_417.jpg,0,0
418,img_valid_418.jpg,1,0
419,img_valid_419.jpg,0,0
420,img_valid_420.jpg,0,0
421,img_valid_421.jpg,0,0
422,img_valid_422.jpg,0,0
423,img_valid_423.jpg,1,0
424,img_valid_424.jpg,1,0
425,img_valid_425.jpg,1,0
426,img_valid_426.jpg,0,0
427,img_valid_427.jpg,0,0
428,img_valid_428.jpg,1,0
429,img_valid_429.jpg,0,0
430,img_valid_430.jpg,1,0
431,img_valid_431.jpg,0,0
432,img_valid_432.jpg,0,1
433,img_valid_433.jpg,0,0
434,img_valid_434.jpg,0,1
435,img_valid_435.jpg,0,0
436,img_valid_436.jpg,1,1
437,img_valid_437.jpg,1,0
438,img_valid_438.jpg,0,0
439,img_valid_439.jpg,0,0
440,img_valid_440.jpg,1,1
441,img_valid_441.jpg,0,0
442,img_valid_442.jpg,0,0
443,img_valid_443.jpg,1,0
444,img_valid_444.jpg,1,0
445,img_valid_445.jpg,1,0
446,img_valid_446.jpg,1,0
447,img_valid_447.jpg,0,0
448,img_valid_448.jpg,0,1
449,img_valid_449.jpg,1,0
450,img_valid_450.jpg,1,0
451,img_valid_451.jpg,0,0
452,img_valid_452.jpg,1,0
453,img_valid_453.jpg,0,0
454,img_valid_454.jpg,1,0
455,img_valid_455.jpg,0,0
456,img_valid_456.jpg,1,0
457,img_valid_457.jpg,0,0
458,img_valid_458.jpg,0,0
459,img_valid_459.jpg,0,0
460,img_valid_460.jpg,0,0
461,img_valid_461.jpg,1,0
462,img_valid_462.jpg,0,1
463,img_valid_463.jpg,1,0
464,img_valid_464.jpg,0,0
465,img_valid_465.jpg,0,0
466,img_valid_466.jpg,1,1
467,img_valid_467.jpg,0,0
468,img_valid_468.jpg,1,1
469,img_valid_469.jpg,1,0
470,img_valid_470.jpg,0,0
471,img_valid_471.jpg,0,0
472,img_valid_472.jpg,0,0
473,img_valid_473.jpg,0,0
474,img_valid_474.jpg,0,0
475,img_valid_475.jpg,1,1
476,img_valid_476.jpg,1,0
477,img_valid_477.jpg,0,1
478,img_valid_478.jpg,1,0
479,img_valid_479.jpg,0,0
480,img_valid_480.jpg,0,0
481,img_valid_481.jpg,1,0
482,img_valid_482.jpg,1,1
483,img_valid_483.jpg,0,0
484,img_valid_484.jpg,0,0
485,img_valid_485.jpg,1,0
486,img_valid_486.jpg,0,1
487,img_valid_487.jpg,1,0
488,img_valid_488.jpg,0,0
489,img_valid_489.jpg,0,0
490,img_valid_490.jpg,1,0
491,img_valid_491.jpg,0,1
492,img_valid_492.jpg,1,0
493,img_valid_493.jpg,1,0
494,img_valid_494.jpg,0,1
495,img_valid_495.jpg,1,1
496,img_valid_496.jpg,1,0
497,img_valid_497.jpg,0,1
498,img_valid_498.jpg,1,1
499,img_valid_499.jpg,0,0
500,img_valid_500.jpg,1,1
501,img_valid_501.jpg,1,1
502,img_valid_502.jpg,0,0
503,img_valid_503.jpg,0,0
504,img_valid_504.jpg,0,0
505,img_valid_505.jpg,0,0
506,img_valid_506.jpg,1,0
507,img_valid_507.jpg,1,1
508,img_valid_508.jpg,1,0
509,img_valid_509.jpg,0,1
510,img_valid_510.jpg,0,0
511,img_valid_511.jpg,1,0
512,img_valid_512.jpg,0,1
513,img_valid_513.jpg,1,0
514,img_valid_514.jpg,0,1
515,img_valid_515.jpg,0,0
516,img_valid_516.jpg,0,0
517,img_valid_517.jpg,0,0
518,img_valid_518.jpg,0,0
519,img_valid_519.jpg,0,0
520,img_valid_520.jpg,1,0
521,img_valid_521.jpg,1,0
522,img_valid_522.jpg,0,0
523,img_valid_523.jpg,0,0
524,img_valid_524.jpg,0,1
525,img_valid_525.jpg,0,0
526,img_valid_526.jpg,1,0
527,img_valid_527.jpg,1,0
528,img_valid_528.jpg,1,1
529,img_valid_529.jpg,0,0
530,img_valid_530.jpg,0,0
531,img_valid_531.jpg,0,0
532,img_valid_532.jpg,0,0
533,img_valid_533.jpg,1,1
534,img_valid_534.jpg,0,0
535,img_valid_535.jpg,0,1
536,img_valid_536.jpg,0,0
537,img_valid_537.jpg,1,1
538,img_valid_538.jpg,1,1
539,img_valid_539.jpg,0,0
540,img_valid_540.jpg,0,0
541,img_valid_541.jpg,0,1
542,img_valid_542.jpg,0,0
543,img_valid_543.jpg,0,0
544,img_valid_544.jpg,0,0
545,img_valid_545.jpg,1,1
546,img_valid_546.jpg,0,0
547,img_valid_547.jpg,1,1
548,img_valid_548.jpg,0,0
549,img_valid_549.jpg,0,0
550,img_valid_550.jpg,0,0
551,img_valid_551.jpg,0,0
552,img_valid_552.jpg,0,0
553,img_valid_553.jpg,0,1
554,img_valid_554.jpg,1,0
555,img_valid_555.jpg,0,0
556,img_valid_556.jpg,1,0
557,img_valid_557.jpg,0,1
558,img_valid_558.jpg,0,0
559,img_valid_559.jpg,1,0
560,img_valid_560.jpg,1,0
561,img_valid_561.jpg,0,1
562,img_valid_562.jpg,0,0
563,img_valid_563.jpg,0,1
564,img_valid_564.jpg,0,0
565,img_valid_565.jpg,1,0
566,img_valid_566.jpg,1,0
567,img_valid_567.jpg,1,0
568,img_valid_568.jpg,0,0
569,img_valid_569.jpg,0,1
570,img_valid_570.jpg,1,0
571,img_valid_571.jpg,0,0
572,img_valid_572.jpg,0,0
573,img_valid_573.jpg,1,1
574,img_valid_574.jpg,0,1
575,img_valid_575.jpg,0,1
576,img_valid_576.jpg,1,0
577,img_valid_577.jpg,1,0
578,img_valid_578.jpg,1,0
579,img_valid_579.jpg,0,0
580,img_valid_580.jpg,0,0
581,img_valid_581.jpg,1,1
582,img_valid_582.jpg,0,0
583,img_valid_583.jpg,1,0
584,img_valid_584.jpg,1,0
585,img_valid_585.jpg,0,0
586,img_valid_586.jpg,0,0
587,img_valid_587.jpg,0,0
588,img_valid_588.jpg,0,0
589,img_valid_589.jpg,0,0
590,img_valid_590.jpg,0,1
591,img_valid_591.jpg,1,0
592,img_valid_592.jpg,0,0
593,img_valid_593.jpg,1,1
594,img_valid_594.jpg,0,0
595,img_valid_595.jpg,0,1
596,img_valid_596.jpg,1,0
597,img_valid_597.jpg,0,0
598,img_valid_598.jpg,1,0
599,img_valid_599.jpg,0,0
600,img_valid_600.jpg,0,0
601,img_valid_601.jpg,0,0
602,img_valid_602.jpg,0,0
603,img_valid_603.jpg,0,0
604,img_valid_604.jpg,0,0
605,img_valid_605.jpg,1,0
606,img_valid_606.jpg,1,0
607,img_valid_607.jpg,0,1
608,img_valid_608.jpg,0,1
609,img_valid_609.jpg,1,0
610,img_valid_610.jpg,0,1
611,img_valid_611.jpg,1,1
612,img_valid_612.jpg,0,0
613,img_valid_613.jpg,0,0
614,img_valid_614.jpg,0,0
615,img_valid_615.jpg,1,0
616,img_valid_616.jpg,0,1
617,img_valid_617.jpg,1,0
618,img_valid_618.jpg,0,0
619,img_valid_619.jpg,0,1
620,img_valid_620.jpg,1,0
621,img_valid_621.jpg,0,1
622,img_valid_622.jpg,0,1
623,img_valid_623.jpg,0,0
624,img_valid_624.jpg,1,0
625,img_valid_625.jpg,1,0
626,img_valid_626.jpg,0,1
627,img_valid_627.jpg,0,0
628,img_valid_628.jpg,0,0
629,img_valid_629.jpg,1,0
630,img_valid_630.jpg,0,0
631,img_valid_631.jpg,0,0
632,img_valid_632.jpg,0,1
633,img_valid_633.jpg,1,0
634,img_valid_634.jpg,1,1
635,img_valid_635.jpg,1,0
636,img_valid_636.jpg,1,0
637,img_valid_637.jpg,0,0
638,img_valid_638.jpg,0,0
639,img_valid_639.jpg,1,0
640,img_valid_640.jpg,0,1
641,img_valid_641.jpg,1,0
642,img_valid_642.jpg,1,0
643,img_valid_643.jpg,0,0
644,img_valid_644.jpg,1,0
645,img_valid_645.jpg,0,0
646,img_valid_646.jpg,0,0
647,img_valid_647.jpg,0,1
648,img_valid_648.jpg,0,0
649,img_valid_649.jpg,1,1
650,img_valid_650.jpg,0,0
651,img_valid_651.jpg,1,0
652,img_valid_652.jpg,0,1
653,img_valid_653.jpg,1,0
654,img_valid_654.jpg,0,1
655,img_valid_655.jpg,1,0
656,img_valid_656.jpg,0,0
657,img_valid_657.jpg,1,1
658,img_valid_658.jpg,0,0
659,img_valid_659.jpg,0,0
660,img_valid_660.jpg,0,1
661,img_valid_661.jpg,0,0
662,img_valid_662.jpg,1,0
663,img_valid_663.jpg,1,0
664,img_valid_664.jpg,0,0
665,img_valid_665.jpg,1,0
666,img_valid_666.jpg,1,1
667,img_valid_667.jpg,1,0
668,img_valid_668.jpg,0,0
669,img_valid_669.jpg,1,0
670,img_valid_670.jpg,0,0
671,img_valid_671.jpg,0,1
672,img_valid_672.jpg,1,0
673,img_valid_673.jpg,0,0
674,img_valid_674.jpg,1,1
675,img_valid_675.jpg,1,0
676,img_valid_676.jpg,0,0
677,img_valid_677.jpg,1,0
678,img_valid_678.jpg,1,1
679,img_valid_679.jpg,0,0
680,img_valid_680.jpg,0,0
681,img_valid_681.jpg,0,0
682,img_valid_682.jpg,1,0
683,img_valid_683.jpg,0,1
684,img_valid_684.jpg,0,0
685,img_valid_685.jpg,1,0
686,img_valid_686.jpg,0,0
687,img_valid_687.jpg,1,0
688,img_valid_688.jpg,0,0
689,img_valid_689.jpg,1,0
690,img_valid_690.jpg,1,0
691,img_valid_691.jpg,0,0
692,img_valid_692.jpg,0,0
693,img_valid_693.jpg,0,0
694,img_valid_694.jpg,1,0
695,img_valid_695.jpg,1,0
696,img_valid_696.jpg,0,0
697,img_valid_697.jpg,0,1
698,img_valid_698.jpg,0,0
699,img_valid_699.jpg,0,0
700,img_valid_700.jpg,1,0
701,img_valid_701.jpg,1,0
702,img_valid_702.jpg,0,0
703,img_valid_703.jpg,1,0
704,img_valid_704.jpg,1,1
705,img_valid_705.jpg,1,0
706,img_valid_706.jpg,1,0
707,img_valid_707.jpg,1,0
708,img_valid_708.jpg,0,0
709,img_valid_709.jpg,0,1
710,img_valid_710.jpg,0,0
711,img_valid_711.jpg,1,0
712,img_valid_712.jpg,1,0
713,img_valid_713.jpg,1,0
714,img_valid_714.jpg,0,0
715,img_valid_715.jpg,0,0
716,img_valid_716.jpg,0,0
717,img_valid_717.jpg,0,0
718,img_valid_718.jpg,0,0
719,img_valid_719.jpg,1,0
720,img_valid_720.jpg,0,0
721,img_valid_721.jpg,0,0
722,img_valid_722.jpg,1,1
723,img_valid_723.jpg,1,0
724,img_valid_724.jpg,1,0
725,img_valid_725.jpg,1,0
726,img_valid_726.jpg,1,0
727,img_valid_727.jpg,1,0
728,img_valid_728.jpg,1,0
729,img_valid_729.jpg,1,0
730,img_valid_730.jpg,0,0
731,img_valid_731.jpg,1,0
732,img_valid_732.jpg,1,1
733,img_valid_733.jpg,0,0
734,img_valid_734.jpg,0,0
735,img_valid_735.jpg,0,1
736,img_valid_736.jpg,1,0
737,img_valid_737.jpg,1,0
738,img_valid_738.jpg,1,0
739,img_valid_739.jpg,1,1
740,img_valid_740.jpg,1,1
741,img_valid_741.jpg,1,0
742,img_valid_742.jpg,0,1
743,img_valid_743.jpg,1,0
744,img_valid_744.jpg,1,0
745,img_valid_745.jpg,1,1
746,img_valid_746.jpg,0,0
747,img_valid_747.jpg,1,1
748,img_valid_748.jpg,1,0
749,img_valid_749.jpg,0,0
750,img_valid_750.jpg,0,1
751,img_valid_751.jpg,0,0
752,img_valid_752.jpg,0,0
753,img_valid_753.jpg,0,0
754,img_valid_754.jpg,0,0
755,img_valid_755.jpg,0,0
756,img_valid_756.jpg,0,0
757,img_valid_757.jpg,1,1
758,img_valid_758.jpg,0,0
759,img_valid_759.jpg,1,0
760,img_valid_760.jpg,0,0
761,img_valid_761.jpg,1,1
762,img_valid_762.jpg,1,0
763,img_valid_763.jpg,1,0
764,img_valid_764.jpg,1,0
765,img_valid_765.jpg,0,0
766,img_valid_766.jpg,1,0
767,img_valid_767.jpg,0,0
768,img_valid_768.jpg,0,0
769,img_valid_769.jpg,1,0
770,img_valid_770.jpg,0,1
771,img_valid_771.jpg,0,0
772,img_valid_772.jpg,0,0
773,img_valid_773.jpg,0,0
774,img_valid_774.jpg,1,0
775,img_valid_775.jpg,1,0
776,img_valid_776.jpg,0,1
777,img_valid_777.jpg,0,0
778,img_valid_778.jpg,0,0
779,img_valid_779.jpg,1,0
780,img_valid_780.jpg,1,0
781,img_valid_781.jpg,0,1
782,img_valid_782.jpg,0,0
783,img_valid_783.jpg,0,1
784,img_valid_784.jpg,1,0
785,img_valid_785.jpg,0,0
786,img_valid_786.jpg,0,0
787,img_valid_787.jpg,1,0
788,img_valid_788.jpg,0,0
789,img_valid_789.jpg,0,0
790,img_valid_790.jpg,1,0
791,img_valid_791.jpg,0,0
792,img_valid_792.jpg,0,0
793,img_valid_793.jpg,1,0
794,img_valid_794.jpg,1,1
795,img_valid_795.jpg,1,0
796,img_valid_796.jpg,1,0
797,img_valid_797.jpg,1,0
798,img_valid_798.jpg,0,0
799,img_valid_799.jpg,0,0
800,img_valid_800.jpg,0,0
801,img_valid_801.jpg,1,0
802,img_valid_802.jpg,1,0
803,img_valid_803.jpg,1,0
804,img_valid_804.jpg,0,0
805,img_valid_805.jpg,1,0
806,img_valid_806.jpg,0,0
807,img_valid_807.jpg,0,1
808,img_valid_808.jpg,1,0
809,img_valid_809.jpg,1,0
810,img_valid_810.jpg,1,0
811,img_valid_811.jpg,0,0
812,img_valid_812.jpg,0,0
813,img_valid_813.jpg,0,1
814,img_valid_814.jpg,1,0
815,img_valid_815.jpg,1,1
816,img_valid_816.jpg,1,0
817,img_valid_817.jpg,0,0
818,img_valid_818.jpg,1,0
819,img_valid_819.jpg,1,1
820,img_valid_820.jpg,1,1
821,img_valid_821.jpg,0,0
822,img_valid_822.jpg,0,0
823,img_valid_823.jpg,1,0
824,img_valid_824.jpg,0,0
825,img_valid_825.jpg,0,0
826,img_valid_826.jpg,0,0
827,img_valid_827.jpg,0,0
828,img_valid_828.jpg,0,0
829,img_valid_829.jpg,0,0
830,img_valid_830.jpg,0,0
831,img_valid_831.jpg,0,0
832,img_valid_832.jpg,0,0
833,img_valid_833.jpg,0,0
834,img_valid_834.jpg,0,1
835,img_valid_835.jpg,0,0
836,img_valid_836.jpg,1,0
837,img_valid_837.jpg,1,1
838,img_valid_838.jpg,0,0
839,img_valid_839.jpg,0,0
840,img_valid_840.jpg,1,0
841,img_valid_841.jpg,0,0
842,img_valid_842.jpg,0,0
843,img_valid_843.jpg,1,0
844,img_valid_844.jpg,0,0
845,img_valid_845.jpg,0,0
846,img_valid_846.jpg,1,1
847,img_valid_847.jpg,0,0
848,img_valid_848.jpg,1,0
849,img_valid_849.jpg,0,0
850,img_valid_850.jpg,0,1
851,img_valid_851.jpg,0,0
852,img_valid_852.jpg,1,1
853,img_valid_853.jpg,1,1
854,img_valid_854.jpg,0,1
855,img_valid_855.jpg,0,0
856,img_valid_856.jpg,0,0
857,img_valid_857.jpg,1,0
858,img_valid_858.jpg,0,0
859,img_valid_859.jpg,1,1
860,img_valid_860.jpg,0,0
861,img_valid_861.jpg,1,0
862,img_valid_862.jpg,1,1
863,img_valid_863.jpg,0,1
864,img_valid_864.jpg,0,0
865,img_valid_865.jpg,0,1
866,img_valid_866.jpg,0,0
867,img_valid_867.jpg,1,1
868,img_valid_868.jpg,0,1
869,img_valid_869.jpg,0,0
870,img_valid_870.jpg,1,0
871,img_valid_871.jpg,0,0
872,img_valid_872.jpg,0,0
873,img_valid_873.jpg,0,0
874,img_valid_874.jpg,1,1
875,img_valid_875.jpg,0,0
876,img_valid_876.jpg,1,0
877,img_valid_877.jpg,0,0
878,img_valid_878.jpg,0,0
879,img_valid_879.jpg,1,1
880,img_valid_880.jpg,1,0
881,img_valid_881.jpg,0,0
882,img_valid_882.jpg,1,0
883,img_valid_883.jpg,0,0
884,img_valid_884.jpg,0,0
885,img_valid_885.jpg,0,0
886,img_valid_886.jpg,0,0
887,img_valid_887.jpg,1,0
888,img_valid_888.jpg,1,0
889,img_valid_889.jpg,1,0
890,img_valid_890.jpg,0,0
891,img_valid_891.jpg,0,0
892,img_valid_892.jpg,1,0
893,img_valid_893.jpg,0,0
894,img_valid_894.jpg,0,0
895,img_valid_895.jpg,0,0
896,img_valid_896.jpg,0,0
897,img_valid_897.jpg,1,0
898,img_valid_898.jpg,0,0
899,img_valid_899.jpg,1,0
900,img_valid_900.jpg,0,0
901,img_valid_901.jpg,0,0
902,img_valid_902.jpg,0,0
903,img_valid_903.jpg,1,1
904,img_valid_904.jpg,0,0
905,img_valid_905.jpg,1,0
906,img_valid_906.jpg,0,0
907,img_valid_907.jpg,0,1
908,img_valid_908.jpg,0,1
909,img_valid_909.jpg,0,0
910,img_valid_910.jpg,0,0
911,img_valid_911.jpg,0,0
912,img_valid_912.jpg,0,0
913,img_valid_913.jpg,0,0
914,img_valid_914.jpg,0,0
915,img_valid_915.jpg,0,0
916,img_valid_916.jpg,0,0
917,img_valid_917.jpg,0,0
918,img_valid_918.jpg,1,0
919,img_valid_919.jpg,1,0
920,img_valid_920.jpg,1,0
921,img_valid_921.jpg,0,0
922,img_valid_922.jpg,0,0
923,img_valid_923.jpg,1,0
924,img_valid_924.jpg,1,1
925,img_valid_925.jpg,1,0
926,img_valid_926.jpg,0,1
927,img_valid_927.jpg,0,0
928,img_valid_928.jpg,0,1
929,img_valid_929.jpg,0,0
930,img_valid_930.jpg,0,0
931,img_valid_931.jpg,0,0
932,img_valid_932.jpg,1,0
933,img_valid_933.jpg,0,0
934,img_valid_934.jpg,1,0
935,img_valid_935.jpg,0,0
936,img_valid_936.jpg,1,0
937,img_valid_937.jpg,0,0
938,img_valid_938.jpg,1,0
939,img_valid_939.jpg,1,0
940,img_valid_940.jpg,1,0
941,img_valid_941.jpg,1,1
942,img_valid_942.jpg,0,0
943,img_valid_943.jpg,1,0
944,img_valid_944.jpg,1,1
945,img_valid_945.jpg,0,1
946,img_valid_946.jpg,1,0
947,img_valid_947.jpg,0,0
948,img_valid_948.jpg,0,0
949,img_valid_949.jpg,1,0
950,img_valid_950.jpg,1,0
951,img_valid_951.jpg,0,0
952,img_valid_952.jpg,0,0
953,img_valid_953.jpg,0,1
954,img_valid_954.jpg,0,0
955,img_valid_955.jpg,0,0
956,img_valid_956.jpg,0,1
957,img_valid_957.jpg,0,0
958,img_valid_958.jpg,0,0
959,img_valid_959.jpg,0,0
960,img_valid_960.jpg,0,0
961,img_valid_961.jpg,0,0
962,img_valid_962.jpg,0,0
963,img_valid_963.jpg,0,0
964,img_valid_964.jpg,0,0
965,img_valid_965.jpg,0,0
966,img_valid_966.jpg,0,0
967,img_valid_967.jpg,1,0
968,img_valid_968.jpg,1,0
969,img_valid_969.jpg,0,0
970,img_valid_970.jpg,1,0
971,img_valid_971.jpg,1,0
972,img_valid_972.jpg,0,1
973,img_valid_973.jpg,0,0
974,img_valid_974.jpg,1,0
975,img_valid_975.jpg,1,0
976,img_valid_976.jpg,0,0
977,img_valid_977.jpg,0,0
978,img_valid_978.jpg,0,0
979,img_valid_979.jpg,0,0
980,img_valid_980.jpg,0,0
981,img_valid_981.jpg,0,1
982,img_valid_982.jpg,0,0
983,img_valid_983.jpg,0,0
984,img_valid_984.jpg,1,0
985,img_valid_985.jpg,1,0
986,img_valid_986.jpg,1,1
987,img_valid_987.jpg,1,0
988,img_valid_988.jpg,0,1
989,img_valid_989.jpg,0,0
990,img_valid_990.jpg,1,0
991,img_valid_991.jpg,0,0
992,img_valid_992.jpg,1,0
993,img_valid_993.jpg,0,0
994,img_valid_994.jpg,0,0
995,img_valid_995.jpg,0,0
996,img_valid_996.jpg,1,1
997,img_valid_997.jpg,0,0
998,img_valid_998.jpg,0,0
999,img_valid_999.jpg,1,0
1000,img_valid_1000.jpg,0,0
1001,img_valid_1001.jpg,1,0
1002,img_valid_1002.jpg,0,0
1003,img_valid_1003.jpg,0,0
1004,img_valid_1004.jpg,0,1
1005,img_valid_1005.jpg,1,0
1006,img_valid_1006.jpg,0,1
1007,img_valid_1007.jpg,0,1
1008,img_valid_1008.jpg,0,0
1009,img_valid_1009.jpg,1,0
1010,img_valid_1010.jpg,0,0
1011,img_valid_1011.jpg,1,0
1012,img_valid_1012.jpg,0,0
1013,img_valid_1013.jpg,0,1
1014,img_valid_1014.jpg,0,1
1015,img_valid_1015.jpg,0,0
1016,img_valid_1016.jpg,0,1
1017,img_valid_1017.jpg,1,0
1018,img_valid_1018.jpg,1,0
1019,img_valid_1019.jpg,0,0
1020,img_valid_1020.jpg,0,0
1021,img_valid_1021.jpg,0,0
1022,img_valid_1022.jpg,0,0
1023,img_valid_1023.jpg,0,0
1024,img_valid_1024.jpg,0,0
1025,img_valid_1025.jpg,1,0
1026,img_valid_1026.jpg,1,0
1027,img_valid_1027.jpg,0,0
1028,img_valid_1028.jpg,0,1
1029,img_valid_1029.jpg,0,0
1030,img_valid_1030.jpg,0,0
1031,img_valid_1031.jpg,1,0
1032,img_valid_1032.jpg,0,0
1033,img_valid_1033.jpg,0,1
1034,img_valid_1034.jpg,1,1
1035,img_valid_1035.jpg,1,0
1036,img_valid_1036.jpg,0,0
1037,img_valid_1037.jpg,1,0
1038,img_valid_1038.jpg,0,0
1039,img_valid_1039.jpg,0,0
1040,img_valid_1040.jpg,1,0
1041,img_valid_1041.jpg,0,1
1042,img_valid_1042.jpg,1,1
1043,img_valid_1043.jpg,1,0
1044,img_valid_1044.jpg,0,0
1045,img_valid_1045.jpg,1,1
1046,img_valid_1046.jpg,0,0
1047,img_valid_1047.jpg,0,1
1048,img_valid_1048.jpg,0,0
1049,img_valid_1049.jpg,0,0
1050,img_valid_1050.jpg,1,0
1051,img_valid_1051.jpg,1,0
1052,img_valid_1052.jpg,0,0
1053,img_valid_1053.jpg,0,0
1054,img_valid_1054.jpg,0,0
1055,img_valid_1055.jpg,1,0
1056,img_valid_1056.jpg,0,0
1057,img_valid_1057.jpg,0,0
1058,img_valid_1058.jpg,1,1
1059,img_valid_1059.jpg,1,0
1060,img_valid_1060.jpg,0,0
1061,img_valid_1061.jpg,1,0
1062,img_valid_1062.jpg,0,0
1063,img_valid_1063.jpg,1,1
1064,img_valid_1064.jpg,1,0
1065,img_valid_1065.jpg,1,0
1066,img_valid_1066.jpg,0,0
1067,img_valid_1067.jpg,1,0
1068,img_valid_1068.jpg,0,0
1069,img_valid_1069.jpg,1,1
1070,img_valid_1070.jpg,1,1
1071,img_valid_1071.jpg,0,0
1072,img_valid_1072.jpg,0,1
1073,img_valid_1073.jpg,1,0
1074,img_valid_1074.jpg,0,0
1075,img_valid_1075.jpg,0,0
1076,img_valid_1076.jpg,0,1
1077,img_valid_1077.jpg,1,0
1078,img_valid_1078.jpg,0,1
1079,img_valid_1079.jpg,0,0
1080,img_valid_1080.jpg,0,0
1081,img_valid_1081.jpg,0,0
1082,img_valid_1082.jpg,0,0
1083,img_valid_1083.jpg,1,0
1084,img_valid_1084.jpg,0,0
1085,img_valid_1085.jpg,0,0
1086,img_valid_1086.jpg,1,0
1087,img_valid_1087.jpg,0,0
1088,img_valid_1088.jpg,1,0
1089,img_valid_1089.jpg,0,0
1090,img_valid_1090.jpg,0,0
1091,img_valid_1091.jpg,1,0
1092,img_valid_1092.jpg,1,0
1093,img_valid_1093.jpg,1,0
1094,img_valid_1094.jpg,0,0
1095,img_valid_1095.jpg,1,1
1096,img_valid_1096.jpg,1,1
1097,img_valid_1097.jpg,0,0
1098,img_valid_1098.jpg,0,1
1099,img_valid_1099.jpg,0,0
1100,img_valid_1100.jpg,1,0
1101,img_valid_1101.jpg,1,0
1102,img_valid_1102.jpg,0,0
1103,img_valid_1103.jpg,1,0
1104,img_valid_1104.jpg,1,0
1105,img_valid_1105.jpg,0,0
1106,img_valid_1106.jpg,1,1
1107,img_valid_1107.jpg,0,0
1108,img_valid_1108.jpg,1,0
1109,img_valid_1109.jpg,0,1
1110,img_valid_1110.jpg,1,0
1111,img_valid_1111.jpg,0,0
1112,img_valid_1112.jpg,0,0
1113,img_valid_1113.jpg,1,1
1114,img_valid_1114.jpg,1,0
1115,img_valid_1115.jpg,0,0
1116,img_valid_1116.jpg,0,0
1117,img_valid_1117.jpg,0,0
1118,img_valid_1118.jpg,1,1
1119,img_valid_1119.jpg,1,0
1120,img_valid_1120.jpg,1,0
1121,img_valid_1121.jpg,0,1
1122,img_valid_1122.jpg,0,0
1123,img_valid_1123.jpg,1,0
1124,img_valid_1124.jpg,0,0
1125,img_valid_1125.jpg,0,1
1126,img_valid_1126.jpg,1,0
1127,img_valid_1127.jpg,0,0
1128,img_valid_1128.jpg,0,1
1129,img_valid_1129.jpg,1,1
1130,img_valid_1130.jpg,1,0
1131,img_valid_1131.jpg,0,1
1132,img_valid_1132.jpg,1,0
1133,img_valid_1133.jpg,0,1
1134,img_valid_1134.jpg,0,0
1135,img_valid_1135.jpg,1,0
1136,img_valid_1136.jpg,0,0
1137,img_valid_1137.jpg,0,1
1138,img_valid_1138.jpg,1,0
1139,img_valid_1139.jpg,1,0
1140,img_valid_1140.jpg,1,0
1141,img_valid_1141.jpg,1,0
1142,img_valid_1142.jpg,1,0
1143,img_valid_1143.jpg,0,0
1144,img_valid_1144.jpg,0,0
1145,img_valid_1145.jpg,1,0
1146,img_valid_1146.jpg,1,0
1147,img_valid_1147.jpg,1,0
1148,img_valid_1148.jpg,0,0
1149,img_valid_1149.jpg,1,0
1150,img_valid_1150.jpg,0,0
1151,img_valid_1151.jpg,1,0
1152,img_valid_1152.jpg,1,0
1153,img_valid_1153.jpg,0,1
1154,img_valid_1154.jpg,0,0
1155,img_valid_1155.jpg,0,0
1156,img_valid_1156.jpg,1,0
1157,img_valid_1157.jpg,1,0
1158,img_valid_1158.jpg,0,0
1159,img_valid_1159.jpg,1,0
1160,img_valid_1160.jpg,0,0
1161,img_valid_1161.jpg,0,0
1162,img_valid_1162.jpg,0,0
1163,img_valid_1163.jpg,1,0
1164,img_valid_1164.jpg,1,1
1165,img_valid_1165.jpg,1,1
1166,img_valid_1166.jpg,1,0
1167,img_valid_1167.jpg,0,1
1168,img_valid_1168.jpg,0,0
1169,img_valid_1169.jpg,0,0
1170,img_valid_1170.jpg,1,0
1171,img_valid_1171.jpg,1,0
1172,img_valid_1172.jpg,0,0
1173,img_valid_1173.jpg,0,1
1174,img_valid_1174.jpg,1,0
1175,img_valid_1175.jpg,0,1
1176,img_valid_1176.jpg,0,1
1177,img_valid_1177.jpg,1,0
1178,img_valid_1178.jpg,0,0
1179,img_valid_1179.jpg,0,0
1180,img_valid_1180.jpg,1,0
1181,img_valid_1181.jpg,1,0
1182,img_valid_1182.jpg,1,0
1183,img_valid_1183.jpg,1,1
1184,img_valid_1184.jpg,1,1
1185,img_valid_1185.jpg,1,1
1186,img_valid_1186.jpg,0,0
1187,img_valid_1187.jpg,0,0
1188,img_valid_1188.jpg,1,0
1189,img_valid_1189.jpg,0,0
1190,img_valid_1190.jpg,1,1
1191,img_valid_1191.jpg,1,0
1192,img_valid_1192.jpg,0,0
1193,img_valid_1193.jpg,0,0
1194,img_valid_1194.jpg,1,1
1195,img_valid_1195.jpg,0,0
1196,img_valid_1196.jpg,0,1
1197,img_valid_1197.jpg,0,0
1198,img_valid_1198.jpg,0,0
1199,img_valid_1199.jpg,0,1
1200,img_valid_1200.jpg,1,0
1201,img_valid_1201.jpg,0,1
1202,img_valid_1202.jpg,0,1
1203,img_valid_1203.jpg,0,0
1204,img_valid_1204.jpg,1,0
1205,img_valid_1205.jpg,0,0
1206,img_valid_1206.jpg,0,1
1207,img_valid_1207.jpg,0,1
1208,img_valid_1208.jpg,1,0
1209,img_valid_1209.jpg,0,0
1210,img_valid_1210.jpg,0,0
1211,img_valid_1211.jpg,1,0
1212,img_valid_1212.jpg,0,0
1213,img_valid_1213.jpg,0,0
1214,img_valid_1214.jpg,1,1
1215,img_valid_1215.jpg,0,0
1216,img_valid_1216.jpg,0,0
1217,img_valid_1217.jpg,0,1
1218,img_valid_1218.jpg,0,1
1219,img_valid_1219.jpg,0,0
1220,img_valid_1220.jpg,0,0
1221,img_valid_1221.jpg,0,0
1222,img_valid_1222.jpg,0,0
1223,img_valid_1223.jpg,1,0
1224,img_valid_1224.jpg,0,0
1225,img_valid_1225.jpg,1,0
1226,img_valid_1226.jpg,0,1
1227,img_valid_1227.jpg,0,0
1228,img_valid_1228.jpg,0,0
1229,img_valid_1229.jpg,0,0
1230,img_valid_1230.jpg,1,1
1231,img_valid_1231.jpg,1,0
1232,img_valid_1232.jpg,0,1
1233,img_valid_1233.jpg,1,0
1234,img_valid_1234.jpg,0,0
1235,img_valid_1235.jpg,1,0
1236,img_valid_1236.jpg,0,0
1237,img_valid_1237.jpg,1,1
1238,img_valid_1238.jpg,0,1
1239,img_valid_1239.jpg,0,0
1240,img_valid_1240.jpg,0,0
1241,img_valid_1241.jpg,1,0
1242,img_valid_1242.jpg,1,0
1243,img_valid_1243.jpg,0,1
1244,img_valid_1244.jpg,0,0
1245,img_valid_1245.jpg,0,1
1246,img_valid_1246.jpg,1,0
1247,img_valid_1247.jpg,1,1
1248,img_valid_1248.jpg,0,0
1249,img_valid_1249.jpg,0,0
1250,img_valid_1250.jpg,0,0
1251,img_valid_1251.jpg,0,0
1252,img_valid_1252.jpg,0,0
1253,img_valid_1253.jpg,1,0
1254,img_valid_1254.jpg,1,1
1255,img_valid_1255.jpg,1,0
1256,img_valid_1256.jpg,0,0
1257,img_valid_1257.jpg,1,0
1258,img_valid_1258.jpg,0,0
1259,img_valid_1259.jpg,1,0
1260,img_valid_1260.jpg,0,0
1261,img_valid_1261.jpg,0,0
1262,img_valid_1262.jpg,1,0
1263,img_valid_1263.jpg,0,0
1264,img_valid_1264.jpg,0,0
1265,img_valid_1265.jpg,1,0
1266,img_valid_1266.jpg,1,0
1267,img_valid_1267.jpg,1,0
1268,img_valid_1268.jpg,1,0
1269,img_valid_1269.jpg,0,0
1270,img_valid_1270.jpg,1,0
1271,img_valid_1271.jpg,1,0
1272,img_valid_1272.jpg,0,0
1273,img_valid_1273.jpg,1,0
1274,img_valid_1274.jpg,1,0
1275,img_valid_1275.jpg,1,1
1276,img_valid_1276.jpg,0,0
1277,img_valid_1277.jpg,1,0
1278,img_valid_1278.jpg,0,0
1279,img_valid_1279.jpg,0,0
1280,img_valid_1280.jpg,1,0
1281,img_valid_1281.jpg,1,0
1282,img_valid_1282.jpg,0,0
1283,img_valid_1283.jpg,0,0
1284,img_valid_1284.jpg,1,1
1285,img_valid_1285.jpg,1,0
1286,img_valid_1286.jpg,1,0
1287,img_valid_1287.jpg,0,1
1288,img_valid_1288.jpg,1,0
1289,img_valid_1289.jpg,0,0
1290,img_valid_1290.jpg,0,0
1291,img_valid_1291.jpg,0,1
1292,img_valid_1292.jpg,0,0
1293,img_valid_1293.jpg,0,0
1294,img_valid_1294.jpg,1,0
1295,img_valid_1295.jpg,1,0
1296,img_valid_1296.jpg,1,0
1297,img_valid_1297.jpg,0,0
1298,img_valid_1298.jpg,1,0
1299,img_valid_1299.jpg,1,0
1300,img_valid_1300.jpg,0,0
1301,img_valid_1301.jpg,0,0
1302,img_valid_1302.jpg,0,0
1303,img_valid_1303.jpg,1,1
1304,img_valid_1304.jpg,0,0
1305,img_valid_1305.jpg,0,0
1306,img_valid_1306.jpg,0,0
1307,img_valid_1307.jpg,0,0
1308,img_valid_1308.jpg,0,0
1309,img_valid_1309.jpg,0,0
1310,img_valid_1310.jpg,0,0
1311,img_valid_1311.jpg,1,0
1312,img_valid_1312.jpg,1,0
1313,img_valid_1313.jpg,1,0
1314,img_valid_1314.jpg,1,0
1315,img_valid_1315.jpg,1,0
1316,img_valid_1316.jpg,1,0
1317,img_valid_1317.jpg,0,1
1318,img_valid_1318.jpg,1,0
1319,img_valid_1319.jpg,0,1
1320,img_valid_1320.jpg,0,1
1321,img_valid_1321.jpg,0,1
1322,img_valid_1322.jpg,1,0
1323,img_valid_1323.jpg,1,0
1324,img_valid_1324.jpg,1,0
1325,img_valid_1325.jpg,1,1
1326,img_valid_1326.jpg,1,1
1327,img_valid_1327.jpg,0,0
1328,img_valid_1328.jpg,0,0
1329,img_valid_1329.jpg,0,0
1330,img_valid_1330.jpg,0,0
1331,img_valid_1331.jpg,1,0
1332,img_valid_1332.jpg,1,0
1333,img_valid_1333.jpg,0,1
1334,img_valid_1334.jpg,1,0
1335,img_valid_1335.jpg,0,1
1336,img_valid_1336.jpg,0,0
1337,img_valid_1337.jpg,1,0
1338,img_valid_1338.jpg,1,0
1339,img_valid_1339.jpg,0,0
1340,img_valid_1340.jpg,0,1
1341,img_valid_1341.jpg,1,0
1342,img_valid_1342.jpg,1,0
1343,img_valid_1343.jpg,0,1
1344,img_valid_1344.jpg,1,1
1345,img_valid_1345.jpg,0,0
1346,img_valid_1346.jpg,1,0
1347,img_valid_1347.jpg,1,0
1348,img_valid_1348.jpg,1,0
1349,img_valid_1349.jpg,0,1
1350,img_valid_1350.jpg,0,1
1351,img_valid_1351.jpg,0,0
1352,img_valid_1352.jpg,1,0
1353,img_valid_1353.jpg,1,0
1354,img_valid_1354.jpg,0,1
1355,img_valid_1355.jpg,1,0
1356,img_valid_1356.jpg,0,0
1357,img_valid_1357.jpg,0,0
1358,img_valid_1358.jpg,0,0
1359,img_valid_1359.jpg,0,0
1360,img_valid_1360.jpg,1,0
1361,img_valid_1361.jpg,0,0
1362,img_valid_1362.jpg,0,0
1363,img_valid_1363.jpg,0,1
1364,img_valid_1364.jpg,0,0
1365,img_valid_1365.jpg,1,1
1366,img_valid_1366.jpg,0,1
1367,img_valid_1367.jpg,1,0
1368,img_valid_1368.jpg,1,1
1369,img_valid_1369.jpg,0,0
1370,img_valid_1370.jpg,0,0
1371,img_valid_1371.jpg,0,0
1372,img_valid_1372.jpg,0,0
1373,img_valid_1373.jpg,0,0
1374,img_valid_1374.jpg,0,0
1375,img_valid_1375.jpg,0,1
1376,img_valid_1376.jpg,1,0
1377,img_valid_1377.jpg,0,0
1378,img_valid_1378.jpg,1,0
1379,img_valid_1379.jpg,1,0
1380,img_valid_1380.jpg,0,0
1381,img_valid_1381.jpg,0,0
1382,img_valid_1382.jpg,0,0
1383,img_valid_1383.jpg,1,0
1384,img_valid_1384.jpg,0,0
1385,img_valid_1385.jpg,1,1
1386,img_valid_1386.jpg,0,0
1387,img_valid_1387.jpg,1,0
1388,img_valid_1388.jpg,0,0
1389,img_valid_1389.jpg,1,1
1390,img_valid_1390.jpg,0,1
1391,img_valid_1391.jpg,1,1
1392,img_valid_1392.jpg,1,0
1393,img_valid_1393.jpg,0,1
1394,img_valid_1394.jpg,0,0
1395,img_valid_1395.jpg,1,0
1396,img_valid_1396.jpg,0,0
1397,img_valid_1397.jpg,1,0
1398,img_valid_1398.jpg,0,0
1399,img_valid_1399.jpg,1,0
1400,img_valid_1400.jpg,0,1
1401,img_valid_1401.jpg,0,0
1402,img_valid_1402.jpg,0,0
1403,img_valid_1403.jpg,0,1
1404,img_valid_1404.jpg,1,0
1405,img_valid_1405.jpg,1,1
1406,img_valid_1406.jpg,1,0
1407,img_valid_1407.jpg,0,0
1408,img_valid_1408.jpg,0,1
1409,img_valid_1409.jpg,0,0
1410,img_valid_1410.jpg,0,1
1411,img_valid_1411.jpg,1,0
1412,img_valid_1412.jpg,1,0
1413,img_valid_1413.jpg,0,1
1414,img_valid_1414.jpg,0,1
1415,img_valid_1415.jpg,0,0
1416,img_valid_1416.jpg,1,0
1417,img_valid_1417.jpg,0,0
1418,img_valid_1418.jpg,1,0
1419,img_valid_1419.jpg,0,0
1420,img_valid_1420.jpg,0,0
1421,img_valid_1421.jpg,0,0
1422,img_valid_1422.jpg,1,0
1423,img_valid_1423.jpg,0,0
1424,img_valid_1424.jpg,0,0
1425,img_valid_1425.jpg,0,0
1426,img_valid_1426.jpg,0,0
1427,img_valid_1427.jpg,0,0
1428,img_valid_1428.jpg,0,0
1429,img_valid_1429.jpg,1,0
1430,img_valid_1430.jpg,0,0
1431,img_valid_1431.jpg,0,0
1432,img_valid_1432.jpg,0,0
1433,img_valid_1433.jpg,0,0
1434,img_valid_1434.jpg,0,0
1435,img_valid_1435.jpg,1,0
1436,img_valid_1436.jpg,0,0
1437,img_valid_1437.jpg,0,0
1438,img_valid_1438.jpg,1,0
1439,img_valid_1439.jpg,0,1
1440,img_valid_1440.jpg,0,0
1441,img_valid_1441.jpg,1,0
1442,img_valid_1442.jpg,0,0
1443,img_valid_1443.jpg,1,0
1444,img_valid_1444.jpg,0,0
1445,img_valid_1445.jpg,1,0
1446,img_valid_1446.jpg,0,0
1447,img_valid_1447.jpg,0,0
1448,img_valid_1448.jpg,1,1
1449,img_valid_1449.jpg,0,1
1450,img_valid_1450.jpg,0,0
1451,img_valid_1451.jpg,1,0
1452,img_valid_1452.jpg,1,0
1453,img_valid_1453.jpg,1,0
1454,img_valid_1454.jpg,1,1
1455,img_valid_1455.jpg,0,0
1456,img_valid_1456.jpg,0,0
1457,img_valid_1457.jpg,0,1
1458,img_valid_1458.jpg,0,0
1459,img_valid_1459.jpg,0,0
1460,img_valid_1460.jpg,1,0
1461,img_valid_1461.jpg,0,0
1462,img_valid_1462.jpg,0,0
1463,img_valid_1463.jpg,0,1
1464,img_valid_1464.jpg,0,0
1465,img_valid_1465.jpg,1,0
1466,img_valid_1466.jpg,1,1
1467,img_valid_1467.jpg,1,0
1468,img_valid_1468.jpg,0,1
1469,img_valid_1469.jpg,1,0
1470,img_valid_1470.jpg,0,0
1471,img_valid_1471.jpg,0,0
1472,img_valid_1472.jpg,0,0
1473,img_valid_1473.jpg,0,0
1474,img_valid_1474.jpg,0,0
1475,img_valid_1475.jpg,0,0
1476,img_valid_1476.jpg,0,0
1477,img_valid_1477.jpg,1,1
1478,img_valid_1478.jpg,0,1
1479,img_valid_1479.jpg,0,0
1480,img_valid_1480.jpg,0,1
1481,img_valid_1481.jpg,0,0
1482,img_valid_1482.jpg,0,1
1483,img_valid_1483.jpg,1,0
1484,img_valid_1484.jpg,1,1
1485,img_valid_1485.jpg,1,0
1486,img_valid_1486.jpg,0,0
1487,img_valid_1487.jpg,1,0
1488,img_valid_1488.jpg,0,0
1489,img_valid_1489.jpg,0,1
1490,img_valid_1490.jpg,1,0
1491,img_valid_1491.jpg,0,1
1492,img_valid_1492.jpg,0,0
1493,img_valid_1493.jpg,1,1
1494,img_valid_1494.jpg,0,0
1495,img_valid_1495.jpg,1,0
1496,img_valid_1496.jpg,0,1
1497,img_valid_1497.jpg,0,0
1498,img_valid_1498.jpg,1,1
1499,img_valid_1499.jpg,0,0
1500,img_valid_1500.jpg,0,0
1501,img_valid_1501.jpg,1,0
1502,img_valid_1502.jpg,1,0
1503,img_valid_1503.jpg,1,0
1504,img_valid_1504.jpg,1,0
1505,img_valid_1505.jpg,0,0
1506,img_valid_1506.jpg,0,0
1507,img_valid_1507.jpg,0,0
1508,img_valid_1508.jpg,0,0
1509,img_valid_1509.jpg,1,0
1510,img_valid_1510.jpg,0,0
1511,img_valid_1511.jpg,0,0
1512,img_valid_1512.jpg,1,0
1513,img_valid_1513.jpg,0,0
1514,img_valid_1514.jpg,1,0
1515,img_valid_1515.jpg,1,1
1516,img_valid_1516.jpg,0,0
1517,img_valid_1517.jpg,0,0
1518,img_valid_1518.jpg,0,0
1519,img_valid_1519.jpg,0,0
1520,img_valid_1520.jpg,0,1
1521,img_valid_1521.jpg,0,0
1522,img_valid_1522.jpg,1,0
1523,img_valid_1523.jpg,1,0
1524,img_valid_1524.jpg,0,1
1525,img_valid_1525.jpg,0,0
1526,img_valid_1526.jpg,1,0
1527,img_valid_1527.jpg,0,0
1528,img_valid_1528.jpg,0,1
1529,img_valid_1529.jpg,0,0
1530,img_valid_1530.jpg,0,0
1531,img_valid_1531.jpg,0,1
1532,img_valid_1532.jpg,1,0
1533,img_valid_1533.jpg,0,0
1534,img_valid_1534.jpg,0,0
1535,img_valid_1535.jpg,0,0
1536,img_valid_1536.jpg,1,0
1537,img_valid_1537.jpg,0,0
1538,img_valid_1538.jpg,1,0
1539,img_valid_1539.jpg,1,0
1540,img_valid_1540.jpg,1,0
1541,img_valid_1541.jpg,0,0
1542,img_valid_1542.jpg,1,0
1543,img_valid_1543.jpg,0,0
1544,img_valid_1544.jpg,0,0
1545,img_valid_1545.jpg,0,0
1546,img_valid_1546.jpg,1,0
1547,img_valid_1547.jpg,0,0
1548,img_valid_1548.jpg,0,0
1549,img_valid_1549.jpg,1,0
1550,img_valid_1550.jpg,1,0
1551,img_valid_1551.jpg,1,0
1552,img_valid_1552.jpg,1,0
1553,img_valid_1553.jpg,1,0
1554,img_valid_1554.jpg,1,0
1555,img_valid_1555.jpg,1,1
1556,img_valid_1556.jpg,0,0
1557,img_valid_1557.jpg,1,0
1558,img_valid_1558.jpg,0,0
1559,img_valid_1559.jpg,0,0
1560,img_valid_1560.jpg,1,0
1561,img_valid_1561.jpg,1,0
1562,img_valid_1562.jpg,1,0
1563,img_valid_1563.jpg,1,0
1564,img_valid_1564.jpg,1,0
1565,img_valid_1565.jpg,0,0
1566,img_valid_1566.jpg,0,0
1567,img_valid_1567.jpg,1,0
1568,img_valid_1568.jpg,1,0
1569,img_valid_1569.jpg,0,0
1570,img_valid_1570.jpg,0,0
1571,img_valid_1571.jpg,0,0
1572,img_valid_1572.jpg,1,1
1573,img_valid_1573.jpg,0,0
1574,img_valid_1574.jpg,0,0
1575,img_valid_1575.jpg,1,1
1576,img_valid_1576.jpg,0,0
1577,img_valid_1577.jpg,0,0
1578,img_valid_1578.jpg,0,1
1579,img_valid_1579.jpg,0,0
1580,img_valid_1580.jpg,1,0
1581,img_valid_1581.jpg,1,0
1582,img_valid_1582.jpg,1,0
1583,img_valid_1583.jpg,0,0
1584,img_valid_1584.jpg,0,0
1585,img_valid_1585.jpg,0,0
1586,img_valid_1586.jpg,0,0
1587,img_valid_1587.jpg,1,1
1588,img_valid_1588.jpg,0,0
1589,img_valid_1589.jpg,0,0
1590,img_valid_1590.jpg,1,0
1591,img_valid_1591.jpg,0,1
1592,img_valid_1592.jpg,0,0
1593,img_valid_1593.jpg,1,0
1594,img_valid_1594.jpg,1,0
1595,img_valid_1595.jpg,1,1
1596,img_valid_1596.jpg,0,0
1597,img_valid_1597.jpg,0,1
1598,img_valid_1598.jpg,0,0
1599,img_valid_1599.jpg,1,0
1600,img_valid_1600.jpg,1,1
1601,img_valid_1601.jpg,0,0
1602,img_valid_1602.jpg,1,0
1603,img_valid_1603.jpg,0,0
1604,img_valid_1604.jpg,1,0
1605,img_valid_1605.jpg,1,1
1606,img_valid_1606.jpg,0,0
1607,img_valid_1607.jpg,1,0
1608,img_valid_1608.jpg,0,1
1609,img_valid_1609.jpg,1,0
1610,img_valid_1610.jpg,0,0
1611,img_valid_1611.jpg,1,0
1612,img_valid_1612.jpg,1,0
1613,img_valid_1613.jpg,0,0
1614,img_valid_1614.jpg,1,0
1615,img_valid_1615.jpg,0,0
1616,img_valid_1616.jpg,1,0
1617,img_valid_1617.jpg,0,1
1618,img_valid_1618.jpg,1,1
1619,img_valid_1619.jpg,1,0
1620,img_valid_1620.jpg,0,0
1621,img_valid_1621.jpg,0,0
1622,img_valid_1622.jpg,1,0
1623,img_valid_1623.jpg,1,0
1624,img_valid_1624.jpg,1,1
1625,img_valid_1625.jpg,1,1
1626,img_valid_1626.jpg,0,0
1627,img_valid_1627.jpg,0,1
1628,img_valid_1628.jpg,0,0
1629,img_valid_1629.jpg,0,0
1630,img_valid_1630.jpg,0,0
1631,img_valid_1631.jpg,0,0
1632,img_valid_1632.jpg,0,0
1633,img_valid_1633.jpg,1,0
1634,img_valid_1634.jpg,0,0
1635,img_valid_1635.jpg,1,0
1636,img_valid_1636.jpg,0,1
1637,img_valid_1637.jpg,1,0
1638,img_valid_1638.jpg,1,0
1639,img_valid_1639.jpg,0,0
1640,img_valid_1640.jpg,0,0
1641,img_valid_1641.jpg,1,0
1642,img_valid_1642.jpg,0,0
1643,img_valid_1643.jpg,0,0
1644,img_valid_1644.jpg,1,0
1645,img_valid_1645.jpg,0,0
1646,img_valid_1646.jpg,0,0
1647,img_valid_1647.jpg,1,0
1648,img_valid_1648.jpg,0,0
1649,img_valid_1649.jpg,1,0
1650,img_valid_1650.jpg,1,0
1651,img_valid_1651.jpg,1,0
1652,img_valid_1652.jpg,1,0
1653,img_valid_1653.jpg,0,0
1654,img_valid_1654.jpg,0,0
1655,img_valid_1655.jpg,1,1
1656,img_valid_1656.jpg,0,0
1657,img_valid_1657.jpg,1,0
1658,img_valid_1658.jpg,1,0
1659,img_valid_1659.jpg,0,0
1660,img_valid_1660.jpg,1,0
1661,img_valid_1661.jpg,1,1
1662,img_valid_1662.jpg,0,1
1663,img_valid_1663.jpg,1,0
1664,img_valid_1664.jpg,0,0
1665,img_valid_1665.jpg,0,1
1666,img_valid_1666.jpg,1,0
1667,img_valid_1667.jpg,0,0
1668,img_valid_1668.jpg,0,0
1669,img_valid_1669.jpg,1,0
1670,img_valid_1670.jpg,0,0
1671,img_valid_1671.jpg,1,0
1672,img_valid_1672.jpg,0,0
1673,img_valid_1673.jpg,1,0
1674,img_valid_1674.jpg,0,0
1675,img_valid_1675.jpg,0,0
1676,img_valid_1676.jpg,0,0
1677,img_valid_1677.jpg,0,0
1678,img_valid_1678.jpg,0,0
1679,img_valid_1679.jpg,1,0
1680,img_valid_1680.jpg,0,0
1681,img_valid_1681.jpg,0,1
1682,img_valid_1682.jpg,1,0
1683,img_valid_1683.jpg,0,0
1684,img_valid_1684.jpg,1,0
1685,img_valid_1685.jpg,1,0
1686,img_valid_1686.jpg,0,0
1687,img_valid_1687.jpg,0,0
1688,img_valid_1688.jpg,0,0
1689,img_valid_1689.jpg,0,0
1690,img_valid_1690.jpg,1,0
1691,img_valid_1691.jpg,1,1
1692,img_valid_1692.jpg,1,0
1693,img_valid_1693.jpg,0,0
1694,img_valid_1694.jpg,1,0
1695,img_valid_1695.jpg,0,0
1696,img_valid_1696.jpg,1,0
1697,img_valid_1697.jpg,1,1
1698,img_valid_1698.jpg,0,1
1699,img_valid_1699.jpg,1,1
1700,img_valid_1700.jpg,0,1
1701,img_valid_1701.jpg,1,0
1702,img_valid_1702.jpg,0,0
1703,img_valid_1703.jpg,1,0
1704,img_valid_1704.jpg,1,0
1705,img_valid_1705.jpg,1,0
1706,img_valid_1706.jpg,0,0
1707,img_valid_1707.jpg,0,1
1708,img_valid_1708.jpg,1,0
1709,img_valid_1709.jpg,0,1
1710,img_valid_1710.jpg,1,0
1711,img_valid_1711.jpg,1,0
1712,img_valid_1712.jpg,1,1
1713,img_valid_1713.jpg,0,0
1714,img_valid_1714.jpg,1,0
1715,img_valid_1715.jpg,0,0
1716,img_valid_1716.jpg,0,0
1717,img_valid_1717.jpg,1,1
1718,img_valid_1718.jpg,0,0
1719,img_valid_1719.jpg,0,0
1720,img_valid_1720.jpg,1,1
1721,img_valid_1721.jpg,1,0
1722,img_valid_1722.jpg,0,0
1723,img_valid_1723.jpg,1,0
1724,img_valid_1724.jpg,1,0
1725,img_valid_1725.jpg,1,1
1726,img_valid_1726.jpg,1,1
1727,img_valid_1727.jpg,1,0
1728,img_valid_1728.jpg,0,0
1729,img_valid_1729.jpg,0,0
1730,img_valid_1730.jpg,1,1
1731,img_valid_1731.jpg,0,0
1732,img_valid_1732.jpg,0,1
1733,img_valid_1733.jpg,0,0
1734,img_valid_1734.jpg,1,0
1735,img_valid_1735.jpg,1,0
1736,img_valid_1736.jpg,0,0
1737,img_valid_1737.jpg,0,0
1738,img_valid_1738.jpg,0,0
1739,img_valid_1739.jpg,1,0
1740,img_valid_1740.jpg,1,0
1741,img_valid_1741.jpg,0,0
1742,img_valid_1742.jpg,0,0
1743,img_valid_1743.jpg,0,1
1744,img_valid_1744.jpg,0,0
1745,img_valid_1745.jpg,0,1
1746,img_valid_1746.jpg,0,0
1747,img_valid_1747.jpg,0,0
1748,img_valid_1748.jpg,1,0
1749,img_valid_1749.jpg,0,0
1750,img_valid_1750.jpg,1,0
1751,img_valid_1751.jpg,0,0
1752,img_valid_1752.jpg,1,0
1753,img_valid_1753.jpg,1,0
1754,img_valid_1754.jpg,0,0
1755,img_valid_1755.jpg,0,0
1756,img_valid_1756.jpg,1,0
1757,img_valid_1757.jpg,1,0
1758,img_valid_1758.jpg,0,0
1759,img_valid_1759.jpg,1,1
1760,img_valid_1760.jpg,0,0
1761,img_valid_1761.jpg,0,0
1762,img_valid_1762.jpg,0,1
1763,img_valid_1763.jpg,1,0
1764,img_valid_1764.jpg,1,1
1765,img_valid_1765.jpg,1,0
1766,img_valid_1766.jpg,1,0
1767,img_valid_1767.jpg,0,0
1768,img_valid_1768.jpg,0,0
1769,img_valid_1769.jpg,0,0
1770,img_valid_1770.jpg,0,0
1771,img_valid_1771.jpg,1,0
1772,img_valid_1772.jpg,0,0
1773,img_valid_1773.jpg,0,1
1774,img_valid_1774.jpg,0,0
1775,img_valid_1775.jpg,1,0
1776,img_valid_1776.jpg,1,0
1777,img_valid_1777.jpg,0,1
1778,img_valid_1778.jpg,0,1
1779,img_valid_1779.jpg,0,1
1780,img_valid_1780.jpg,0,0
1781,img_valid_1781.jpg,0,0
1782,img_valid_1782.jpg,0,0
1783,img_valid_1783.jpg,0,0
1784,img_valid_1784.jpg,1,0
1785,img_valid_1785.jpg,0,1
1786,img_valid_1786.jpg,1,0
1787,img_valid_1787.jpg,1,0
1788,img_valid_1788.jpg,0,0
1789,img_valid_1789.jpg,0,0
1790,img_valid_1790.jpg,0,0
1791,img_valid_1791.jpg,1,0
1792,img_valid_1792.jpg,1,0
1793,img_valid_1793.jpg,0,0
1794,img_valid_1794.jpg,0,0
1795,img_valid_1795.jpg,0,1
1796,img_valid_1796.jpg,0,0
1797,img_valid_1797.jpg,1,1
1798,img_valid_1798.jpg,0,0
1799,img_valid_1799.jpg,1,1
1800,img_valid_1800.jpg,1,0
1801,img_valid_1801.jpg,0,0
1802,img_valid_1802.jpg,0,0
1803,img_valid_1803.jpg,1,0
1804,img_valid_1804.jpg,1,0
1805,img_valid_1805.jpg,1,0
1806,img_valid_1806.jpg,1,0
1807,img_valid_1807.jpg,0,0
1808,img_valid_1808.jpg,1,0
1809,img_valid_1809.jpg,0,0
1810,img_valid_1810.jpg,0,0
1811,img_valid_1811.jpg,0,1
1812,img_valid_1812.jpg,0,0
1813,img_valid_1813.jpg,1,1
1814,img_valid_1814.jpg,0,0
1815,img_valid_1815.jpg,1,0
1816,img_valid_1816.jpg,0,0
1817,img_valid_1817.jpg,0,0
1818,img_valid_1818.jpg,1,1
1819,img_valid_1819.jpg,1,0
1820,img_valid_1820.jpg,1,0
1821,img_valid_1821.jpg,0,0
1822,img_valid_1822.jpg,0,1
1823,img_valid_1823.jpg,0,0
1824,img_valid_1824.jpg,0,0
1825,img_valid_1825.jpg,0,0
1826,img_valid_1826.jpg,1,0
1827,img_valid_1827.jpg,1,0
1828,img_valid_1828.jpg,0,0
1829,img_valid_1829.jpg,0,0
1830,img_valid_1830.jpg,0,1
1831,img_valid_1831.jpg,0,0
1832,img_valid_1832.jpg,1,0
1833,img_valid_1833.jpg,0,0
1834,img_valid_1834.jpg,0,0
1835,img_valid_1835.jpg,0,1
1836,img_valid_1836.jpg,0,1
1837,img_valid_1837.jpg,0,0
1838,img_valid_1838.jpg,0,0
1839,img_valid_1839.jpg,0,0
1840,img_valid_1840.jpg,0,0
1841,img_valid_1841.jpg,0,1
1842,img_valid_1842.jpg,1,0
1843,img_valid_1843.jpg,1,1
1844,img_valid_1844.jpg,0,0
1845,img_valid_1845.jpg,1,1
1846,img_valid_1846.jpg,0,0
1847,img_valid_1847.jpg,1,0
1848,img_valid_1848.jpg,0,0
1849,img_valid_1849.jpg,0,0
1850,img_valid_1850.jpg,0,1
1851,img_valid_1851.jpg,0,1
1852,img_valid_1852.jpg,1,0
1853,img_valid_1853.jpg,0,0
1854,img_valid_1854.jpg,0,0
1855,img_valid_1855.jpg,0,1
1856,img_valid_1856.jpg,0,0
1857,img_valid_1857.jpg,1,0
1858,img_valid_1858.jpg,1,0
1859,img_valid_1859.jpg,0,0
1860,img_valid_1860.jpg,0,0
1861,img_valid_1861.jpg,0,0
1862,img_valid_1862.jpg,1,0
1863,img_valid_1863.jpg,1,0
1864,img_valid_1864.jpg,0,0
1865,img_valid_1865.jpg,0,0
1866,img_valid_1866.jpg,1,0
1867,img_valid_1867.jpg,0,0
1868,img_valid_1868.jpg,0,0
1869,img_valid_1869.jpg,0,0
1870,img_valid_1870.jpg,0,0
1871,img_valid_1871.jpg,0,0
1872,img_valid_1872.jpg,1,0
1873,img_valid_1873.jpg,0,0
1874,img_valid_1874.jpg,0,0
1875,img_valid_1875.jpg,1,0
1876,img_valid_1876.jpg,0,0
1877,img_valid_1877.jpg,0,0
1878,img_valid_1878.jpg,1,0
1879,img_valid_1879.jpg,1,0
1880,img_valid_1880.jpg,0,0
1881,img_valid_1881.jpg,1,0
1882,img_valid_1882.jpg,1,0
1883,img_valid_1883.jpg,1,1
1884,img_valid_1884.jpg,0,0
1885,img_valid_1885.jpg,0,0
1886,img_valid_1886.jpg,1,0
1887,img_valid_1887.jpg,0,0
1888,img_valid_1888.jpg,1,0
1889,img_valid_1889.jpg,1,0
1890,img_valid_1890.jpg,1,0
1891,img_valid_1891.jpg,0,1
1892,img_valid_1892.jpg,0,0
1893,img_valid_1893.jpg,0,1
1894,img_valid_1894.jpg,1,0
1895,img_valid_1895.jpg,0,0
1896,img_valid_1896.jpg,1,0
1897,img_valid_1897.jpg,0,1
1898,img_valid_1898.jpg,1,0
1899,img_valid_1899.jpg,1,0
1900,img_valid_1900.jpg,0,0
1901,img_valid_1901.jpg,1,0
1902,img_valid_1902.jpg,0,0
1903,img_valid_1903.jpg,0,0
1904,img_valid_1904.jpg,1,0
1905,img_valid_1905.jpg,1,0
1906,img_valid_1906.jpg,1,0
1907,img_valid_1907.jpg,1,0
1908,img_valid_1908.jpg,1,0
1909,img_valid_1909.jpg,0,0
1910,img_valid_1910.jpg,1,0
1911,img_valid_1911.jpg,0,0
1912,img_valid_1912.jpg,1,0
1913,img_valid_1913.jpg,1,0
1914,img_valid_1914.jpg,0,0
1915,img_valid_1915.jpg,0,1
1916,img_valid_1916.jpg,1,0
1917,img_valid_1917.jpg,0,1
1918,img_valid_1918.jpg,0,1
1919,img_valid_1919.jpg,1,1
1920,img_valid_1920.jpg,0,0
1921,img_valid_1921.jpg,0,0
1922,img_valid_1922.jpg,0,1
1923,img_valid_1923.jpg,1,0
1924,img_valid_1924.jpg,1,0
1925,img_valid_1925.jpg,0,0
1926,img_valid_1926.jpg,0,0
1927,img_valid_1927.jpg,0,0
1928,img_valid_1928.jpg,1,0
1929,img_valid_1929.jpg,0,0
1930,img_valid_1930.jpg,1,1
1931,img_valid_1931.jpg,0,0
1932,img_valid_1932.jpg,0,0
1933,img_valid_1933.jpg,1,0
1934,img_valid_1934.jpg,1,0
1935,img_valid_1935.jpg,0,1
1936,img_valid_1936.jpg,1,0
1937,img_valid_1937.jpg,0,0
1938,img_valid_1938.jpg,0,0
1939,img_valid_1939.jpg,1,0
1940,img_valid_1940.jpg,0,1
1941,img_valid_1941.jpg,1,0
1942,img_valid_1942.jpg,1,0
1943,img_valid_1943.jpg,1,0
1944,img_valid_1944.jpg,0,0
1945,img_valid_1945.jpg,1,0
1946,img_valid_1946.jpg,1,0
1947,img_valid_1947.jpg,0,0
1948,img_valid_1948.jpg,0,1
1949,img_valid_1949.jpg,0,0
1950,img_valid_1950.jpg,0,0
1951,img_valid_1951.jpg,0,1
1952,img_valid_1952.jpg,0,0
1953,img_valid_1953.jpg,1,0
1954,img_valid_1954.jpg,0,1
1955,img_valid_1955.jpg,1,0
1956,img_valid_1956.jpg,1,0
1957,img_valid_1957.jpg,1,0
1958,img_valid_1958.jpg,0,0
1959,img_valid_1959.jpg,0,1
1960,img_valid_1960.jpg,0,0
1961,img_valid_1961.jpg,0,0
1962,img_valid_1962.jpg,0,0
1963,img_valid_1963.jpg,0,1
1964,img_valid_1964.jpg,1,0
1965,img_valid_1965.jpg,0,0
1966,img_valid_1966.jpg,0,0
1967,img_valid_1967.jpg,0,0
1968,img_valid_1968.jpg,0,0
1969,img_valid_1969.jpg,0,0
1970,img_valid_1970.jpg,0,0
1971,img_valid_1971.jpg,0,0
1972,img_valid_1972.jpg,0,0
1973,img_valid_1973.jpg,0,0
1974,img_valid_1974.jpg,0,1
1975,img_valid_1975.jpg,0,0
1976,img_valid_1976.jpg,0,1
1977,img_valid_1977.jpg,0,1
1978,img_valid_1978.jpg,0,0
1979,img_valid_1979.jpg,1,0
1980,img_valid_1980.jpg,1,1
1981,img_valid_1981.jpg,0,1
1982,img_valid_1982.jpg,1,0
1983,img_valid_1983.jpg,0,0
1984,img_valid_1984.jpg,0,0
1985,img_valid_1985.jpg,0,0
1986,img_valid_1986.jpg,0,0
1987,img_valid_1987.jpg,0,1
1988,img_valid_1988.jpg,0,0
1989,img_valid_1989.jpg,0,1
1990,img_valid_1990.jpg,0,0
1991,img_valid_1991.jpg,1,0
1992,img_valid_1992.jpg,1,1
1993,img_valid_1993.jpg,1,0
1994,img_valid_1994.jpg,0,0
1995,img_valid_1995.jpg,0,0
1996,img_valid_1996.jpg,1,0
1997,img_valid_1997.jpg,0,0
1998,img_valid_1998.jpg,0,0
1999,img_valid_1999.jpg,0,1
2000,img_valid_2000.jpg,1,0
